timestep__time,timestep__vehicle__id,timestep__vehicle__x,timestep__vehicle__y,timestep__vehicle__angle,timestep__vehicle__type,timestep__vehicle__speed,timestep__vehicle__pos,timestep__vehicle__lane,timestep__vehicle__slope
0,veh0,12.1,-1.6,90,Bus,0,12.1,1to2_0,0
1,veh0,13.1,-1.6,90,Bus,1,13.1,1to2_0,0
2,veh0,14.1,-1.6,90,Bus,1,14.1,1to2_0,0
3,veh0,15.1,-1.6,90,Bus,1,15.1,1to2_0,0
4,veh0,16.1,-1.6,90,Bus,1,16.1,1to2_0,0
5,veh0,17.1,-1.6,90,Bus,1,17.1,1to2_0,0
6,veh0,18.1,-1.6,90,Bus,1,18.1,1to2_0,0
7,veh0,19.1,-1.6,90,Bus,1,19.1,1to2_0,0
8,veh0,20.1,-1.6,90,Bus,1,20.1,1to2_0,0
9,veh0,21.1,-1.6,90,Bus,1,21.1,1to2_0,0
10,veh0,22.1,-1.6,90,Bus,1,22.1,1to2_0,0
,veh1,103.55,1.29,45,Car,0,2.1,2to3_0,0
11,veh0,23.1,-1.6,90,Bus,1,23.1,1to2_0,0
,veh1,104.26,2,45,Car,1,3.1,2to3_0,0
12,veh0,24.1,-1.6,90,Bus,1,24.1,1to2_0,0
,veh1,105.68,3.42,45,Car,2,5.1,2to3_0,0
13,veh0,25.1,-1.6,90,Bus,1,25.1,1to2_0,0
,veh1,107.8,5.54,45,Car,3,8.1,2to3_0,0
14,veh0,26.1,-1.6,90,Bus,1,26.1,1to2_0,0
,veh1,110.63,8.37,45,Car,4,12.1,2to3_0,0
15,veh0,27.1,-1.6,90,Bus,1,27.1,1to2_0,0
,veh1,114.16,11.9,45,Car,5,17.1,2to3_0,0
16,veh0,28.1,-1.6,90,Bus,1,28.1,1to2_0,0
,veh1,118.4,16.14,45,Car,6,23.1,2to3_0,0
17,veh0,29.1,-1.6,90,Bus,1,29.1,1to2_0,0
,veh1,123.35,21.09,45,Car,7,30.1,2to3_0,0
18,veh0,30.1,-1.6,90,Bus,1,30.1,1to2_0,0
,veh1,129.01,26.75,45,Car,8,38.1,2to3_0,0
19,veh0,31.1,-1.6,90,Bus,1,31.1,1to2_0,0
,veh1,135.37,33.11,45,Car,9,47.1,2to3_0,0
20,veh0,32.1,-1.6,90,Bus,1,32.1,1to2_0,0
,veh1,142.45,40.19,45,Car,10,57.1,2to3_0,0
,veh2,198.4,90.17,180,Car,0,2.1,3to4_0,0
21,veh0,33.1,-1.6,90,Bus,1,33.1,1to2_0,0
,veh1,150.22,47.96,45,Car,11,68.1,2to3_0,0
,veh2,198.4,89.17,180,Car,1,3.1,3to4_0,0
22,veh0,34.1,-1.6,90,Bus,1,34.1,1to2_0,0
,veh1,158.71,56.45,45,Car,12,80.1,2to3_0,0
,veh2,198.4,87.17,180,Car,2,5.1,3to4_0,0
23,veh0,35.1,-1.6,90,Bus,1,35.1,1to2_0,0
,veh1,167.9,65.64,45,Car,13,93.1,2to3_0,0
,veh2,198.4,84.17,180,Car,3,8.1,3to4_0,0
24,veh0,36.1,-1.6,90,Bus,1,36.1,1to2_0,0
,veh1,177.12,74.86,45,Car,13.03,106.13,2to3_0,0
,veh2,198.4,80.17,180,Car,4,12.1,3to4_0,0
25,veh0,37.1,-1.6,90,Bus,1,37.1,1to2_0,0
,veh1,186.33,84.07,45,Car,13.03,119.17,2to3_0,0
,veh2,198.4,75.17,180,Car,5,17.1,3to4_0,0
26,veh0,38.1,-1.6,90,Bus,1,38.1,1to2_0,0
,veh1,192.77,90.51,45,Car,9.1,128.27,2to3_0,0
,veh2,198.4,69.17,180,Car,6,23.1,3to4_0,0
27,veh0,39.1,-1.6,90,Bus,1,39.1,1to2_0,0
,veh1,195.67,93.41,45,Car,4.1,132.37,2to3_0,0
,veh2,198.4,62.17,180,Car,7,30.1,3to4_0,0
28,veh0,40.1,-1.6,90,Bus,1,40.1,1to2_0,0
,veh1,198.3,93.18,138.34,Car,3.87,3.87,:3_1_0,0
,veh2,198.4,54.17,180,Car,8,38.1,3to4_0,0
29,veh0,41.1,-1.6,90,Bus,1,41.1,1to2_0,0
,veh1,198.4,89.32,180,Car,3.87,2.95,3to4_0,0
,veh2,198.4,45.18,180,Car,9,47.1,3to4_0,0
30,veh0,42.1,-1.6,90,Bus,1,42.1,1to2_0,0
,veh1,198.4,84.45,180,Car,4.87,7.82,3to4_0,0
,veh2,198.4,35.18,180,Car,10,57.1,3to4_0,0
31,veh0,43.1,-1.6,90,Bus,1,43.1,1to2_0,0
,veh1,198.4,78.59,180,Car,5.87,13.68,3to4_0,0
,veh2,198.4,24.18,180,Car,11,68.1,3to4_0,0
32,veh0,44.1,-1.6,90,Bus,1,44.1,1to2_0,0
,veh1,198.4,71.72,180,Car,6.87,20.55,3to4_0,0
,veh2,198.4,12.62,180,Car,11.56,79.66,3to4_0,0
33,veh0,45.1,-1.6,90,Bus,1,45.1,1to2_0,0
,veh1,198.4,63.86,180,Car,7.87,28.41,3to4_0,0
,veh2,198.59,6.07,174.69,Car,6.56,1.66,:4_0_0,0
34,veh0,46.1,-1.6,90,Bus,1,46.1,1to2_0,0
,veh1,198.4,54.99,180,Car,8.87,37.28,3to4_0,0
,veh2,201.48,1.24,111.06,Car,6.56,8.22,:4_0_0,0
35,veh0,47.1,-1.6,90,Bus,1,47.1,1to2_0,0
,veh1,198.4,45.13,180,Car,9.87,47.15,3to4_0,0
,veh2,206.89,4.63,50.01,Car,6.56,0.43,out_0,0
36,veh0,48.1,-1.6,90,Bus,1,48.1,1to2_0,0
,veh1,198.4,34.26,180,Car,10.87,58.01,3to4_0,0
,veh2,212.24,9.98,45,Car,7.56,7.99,out_0,0
37,veh0,49.1,-1.6,90,Bus,1,49.1,1to2_0,0
,veh1,198.4,22.4,180,Car,11.87,69.88,3to4_0,0
,veh2,218.29,16.03,45,Car,8.56,16.54,out_0,0
38,veh0,50.1,-1.6,90,Bus,1,50.1,1to2_0,0
,veh1,198.4,9.54,180,Car,12.87,82.74,3to4_0,0
,veh2,225.05,22.79,45,Car,9.56,26.1,out_0,0
39,veh0,51.1,-1.6,90,Bus,1,51.1,1to2_0,0
,veh2,232.51,30.25,45,Car,10.56,36.66,out_0,0
40,veh0,52.1,-1.6,90,Bus,1,52.1,1to2_0,0
,veh2,240.68,38.42,45,Car,11.56,48.22,out_0,0
41,veh0,53.1,-1.6,90,Bus,1,53.1,1to2_0,0
,veh2,249.56,47.3,45,Car,12.56,60.77,out_0,0
42,veh0,54.1,-1.6,90,Bus,1,54.1,1to2_0,0
,veh2,259.15,56.89,45,Car,13.56,74.33,out_0,0
43,veh0,55.1,-1.6,90,Bus,1,55.1,1to2_0,0
,veh2,269.07,66.81,45,Car,14.03,88.37,out_0,0
44,veh0,56.1,-1.6,90,Bus,1,56.1,1to2_0,0
,veh2,279,76.74,45,Car,14.03,102.4,out_0,0
45,veh0,57.1,-1.6,90,Bus,1,57.1,1to2_0,0
,veh2,288.92,86.66,45,Car,14.03,116.44,out_0,0
46,veh0,58.1,-1.6,90,Bus,1,58.1,1to2_0,0
,veh2,298.85,96.59,45,Car,14.03,130.47,out_0,0
47,veh0,59.1,-1.6,90,Bus,1,59.1,1to2_0,0
48,veh0,60.1,-1.6,90,Bus,1,60.1,1to2_0,0
49,veh0,61.1,-1.6,90,Bus,1,61.1,1to2_0,0
50,veh0,62.1,-1.6,90,Bus,1,62.1,1to2_0,0
51,veh0,63.1,-1.6,90,Bus,1,63.1,1to2_0,0
52,veh0,64.1,-1.6,90,Bus,1,64.1,1to2_0,0
53,veh0,65.1,-1.6,90,Bus,1,65.1,1to2_0,0
54,veh0,66.1,-1.6,90,Bus,1,66.1,1to2_0,0
55,veh0,67.1,-1.6,90,Bus,1,67.1,1to2_0,0
56,veh0,68.1,-1.6,90,Bus,1,68.1,1to2_0,0
57,veh0,69.1,-1.6,90,Bus,1,69.1,1to2_0,0
58,veh0,70.1,-1.6,90,Bus,1,70.1,1to2_0,0
59,veh0,71.1,-1.6,90,Bus,1,71.1,1to2_0,0
60,veh0,72.1,-1.6,90,Bus,1,72.1,1to2_0,0
61,veh0,73.1,-1.6,90,Bus,1,73.1,1to2_0,0
62,veh0,74.1,-1.6,90,Bus,1,74.1,1to2_0,0
63,veh0,75.1,-1.6,90,Bus,1,75.1,1to2_0,0
64,veh0,76.1,-1.6,90,Bus,1,76.1,1to2_0,0
65,veh0,77.1,-1.6,90,Bus,1,77.1,1to2_0,0
66,veh0,78.1,-1.6,90,Bus,1,78.1,1to2_0,0
67,veh0,79.1,-1.6,90,Bus,1,79.1,1to2_0,0
68,veh0,80.1,-1.6,90,Bus,1,80.1,1to2_0,0
69,veh0,81.1,-1.6,90,Bus,1,81.1,1to2_0,0
70,veh0,82.1,-1.6,90,Bus,1,82.1,1to2_0,0
71,veh0,83.1,-1.6,90,Bus,1,83.1,1to2_0,0
72,veh0,84.1,-1.6,90,Bus,1,84.1,1to2_0,0
73,veh0,85.1,-1.6,90,Bus,1,85.1,1to2_0,0
74,veh0,86.1,-1.6,90,Bus,1,86.1,1to2_0,0
75,veh0,87.1,-1.6,90,Bus,1,87.1,1to2_0,0
76,veh0,88.1,-1.6,90,Bus,1,88.1,1to2_0,0
77,veh0,89.1,-1.6,90,Bus,1,89.1,1to2_0,0
78,veh0,90.1,-1.6,90,Bus,1,90.1,1to2_0,0
79,veh0,91.1,-1.6,90,Bus,1,91.1,1to2_0,0
80,veh0,92.1,-1.6,90,Bus,1,92.1,1to2_0,0
81,veh0,93.1,-1.6,90,Bus,1,93.1,1to2_0,0
82,veh0,94.1,-1.6,90,Bus,1,94.1,1to2_0,0
83,veh0,95.1,-1.6,90,Bus,1,95.1,1to2_0,0
84,veh0,96.1,-1.6,90,Bus,1,96.1,1to2_0,0
85,veh0,97.1,-1.6,90,Bus,1,97.1,1to2_0,0
86,veh0,98.1,-1.6,90,Bus,1,98.1,1to2_0,0
87,veh0,99.1,-1.56,89.81,Bus,1,0.43,:2_1_0,0
88,veh0,100.08,-1.38,88.94,Bus,1,1.43,:2_1_0,0
89,veh0,101,-0.99,87.07,Bus,1,2.43,:2_1_0,0
90,veh0,101.81,-0.41,84.19,Bus,1,3.43,:2_1_0,0
91,veh0,102.54,0.28,80.68,Bus,1,0.66,2to3_0,0
92,veh0,103.24,0.98,76.95,Bus,1,1.66,2to3_0,0
93,veh0,103.95,1.69,73.13,Bus,1,2.66,2to3_0,0
94,veh0,104.66,2.4,69.26,Bus,1,3.66,2to3_0,0
95,veh0,105.37,3.11,65.38,Bus,1,4.66,2to3_0,0
96,veh0,106.07,3.81,61.51,Bus,1,5.66,2to3_0,0
97,veh0,106.78,4.52,57.7,Bus,1,6.66,2to3_0,0
98,veh0,107.49,5.23,53.97,Bus,1,7.66,2to3_0,0
99,veh0,108.19,5.93,50.51,Bus,1,8.66,2to3_0,0
100,veh0,108.9,6.64,47.72,Bus,1,9.66,2to3_0,0
101,veh0,109.61,7.35,45.92,Bus,1,10.66,2to3_0,0
102,veh0,110.31,8.05,45.14,Bus,1,11.66,2to3_0,0
103,veh0,111.02,8.76,45,Bus,1,12.66,2to3_0,0
104,veh0,111.73,9.47,45,Bus,1,13.66,2to3_0,0
105,veh0,112.44,10.18,45,Bus,1,14.66,2to3_0,0
106,veh0,113.14,10.88,45,Bus,1,15.66,2to3_0,0
107,veh0,113.85,11.59,45,Bus,1,16.66,2to3_0,0
108,veh0,114.56,12.3,45,Bus,1,17.66,2to3_0,0
109,veh0,115.26,13,45,Bus,1,18.66,2to3_0,0
110,veh0,115.97,13.71,45,Bus,1,19.66,2to3_0,0
111,veh0,116.68,14.42,45,Bus,1,20.66,2to3_0,0
112,veh0,117.39,15.13,45,Bus,1,21.66,2to3_0,0
113,veh0,118.09,15.83,45,Bus,1,22.66,2to3_0,0
114,veh0,118.8,16.54,45,Bus,1,23.66,2to3_0,0
115,veh0,119.51,17.25,45,Bus,1,24.66,2to3_0,0
116,veh0,120.21,17.95,45,Bus,1,25.66,2to3_0,0
117,veh0,120.92,18.66,45,Bus,1,26.66,2to3_0,0
118,veh0,121.63,19.37,45,Bus,1,27.66,2to3_0,0
119,veh0,122.34,20.08,45,Bus,1,28.66,2to3_0,0
120,veh0,123.04,20.78,45,Bus,1,29.66,2to3_0,0
121,veh0,123.75,21.49,45,Bus,1,30.66,2to3_0,0
122,veh0,124.46,22.2,45,Bus,1,31.66,2to3_0,0
123,veh0,125.16,22.9,45,Bus,1,32.66,2to3_0,0
124,veh0,125.87,23.61,45,Bus,1,33.66,2to3_0,0
125,veh0,126.58,24.32,45,Bus,1,34.66,2to3_0,0
126,veh0,127.29,25.03,45,Bus,1,35.66,2to3_0,0
127,veh0,127.99,25.73,45,Bus,1,36.66,2to3_0,0
128,veh0,128.7,26.44,45,Bus,1,37.66,2to3_0,0
129,veh0,129.41,27.15,45,Bus,1,38.66,2to3_0,0
130,veh0,130.11,27.85,45,Bus,1,39.66,2to3_0,0
131,veh0,130.82,28.56,45,Bus,1,40.66,2to3_0,0
132,veh0,131.53,29.27,45,Bus,1,41.66,2to3_0,0
133,veh0,132.24,29.98,45,Bus,1,42.66,2to3_0,0
134,veh0,132.94,30.68,45,Bus,1,43.66,2to3_0,0
135,veh0,133.65,31.39,45,Bus,1,44.66,2to3_0,0
136,veh0,134.36,32.1,45,Bus,1,45.66,2to3_0,0
137,veh0,135.06,32.8,45,Bus,1,46.66,2to3_0,0
138,veh0,135.77,33.51,45,Bus,1,47.66,2to3_0,0
139,veh0,136.48,34.22,45,Bus,1,48.66,2to3_0,0
140,veh0,137.19,34.93,45,Bus,1,49.66,2to3_0,0
141,veh0,137.89,35.63,45,Bus,1,50.66,2to3_0,0
142,veh0,138.6,36.34,45,Bus,1,51.66,2to3_0,0
143,veh0,139.31,37.05,45,Bus,1,52.66,2to3_0,0
144,veh0,140.01,37.75,45,Bus,1,53.66,2to3_0,0
145,veh0,140.72,38.46,45,Bus,1,54.66,2to3_0,0
146,veh0,141.43,39.17,45,Bus,1,55.66,2to3_0,0
147,veh0,142.13,39.87,45,Bus,1,56.66,2to3_0,0
148,veh0,142.84,40.58,45,Bus,1,57.66,2to3_0,0
149,veh0,143.55,41.29,45,Bus,1,58.66,2to3_0,0
150,veh0,144.26,42,45,Bus,1,59.66,2to3_0,0
151,veh0,144.96,42.7,45,Bus,1,60.66,2to3_0,0
152,veh0,145.67,43.41,45,Bus,1,61.66,2to3_0,0
153,veh0,146.38,44.12,45,Bus,1,62.66,2to3_0,0
154,veh0,147.08,44.82,45,Bus,1,63.66,2to3_0,0
155,veh0,147.79,45.53,45,Bus,1,64.66,2to3_0,0
156,veh0,148.5,46.24,45,Bus,1,65.66,2to3_0,0
157,veh0,149.21,46.95,45,Bus,1,66.66,2to3_0,0
158,veh0,149.91,47.65,45,Bus,1,67.66,2to3_0,0
159,veh0,150.62,48.36,45,Bus,1,68.66,2to3_0,0
160,veh0,151.33,49.07,45,Bus,1,69.66,2to3_0,0
161,veh0,152.03,49.77,45,Bus,1,70.66,2to3_0,0
162,veh0,152.74,50.48,45,Bus,1,71.66,2to3_0,0
163,veh0,153.45,51.19,45,Bus,1,72.66,2to3_0,0
164,veh0,154.16,51.9,45,Bus,1,73.66,2to3_0,0
165,veh0,154.86,52.6,45,Bus,1,74.66,2to3_0,0
166,veh0,155.57,53.31,45,Bus,1,75.66,2to3_0,0
167,veh0,156.28,54.02,45,Bus,1,76.66,2to3_0,0
168,veh0,156.98,54.72,45,Bus,1,77.66,2to3_0,0
169,veh0,157.69,55.43,45,Bus,1,78.66,2to3_0,0
170,veh0,158.4,56.14,45,Bus,1,79.66,2to3_0,0
171,veh0,159.11,56.85,45,Bus,1,80.66,2to3_0,0
172,veh0,159.81,57.55,45,Bus,1,81.66,2to3_0,0
173,veh0,160.52,58.26,45,Bus,1,82.66,2to3_0,0
174,veh0,161.23,58.97,45,Bus,1,83.66,2to3_0,0
175,veh0,161.93,59.67,45,Bus,1,84.66,2to3_0,0
176,veh0,162.64,60.38,45,Bus,1,85.66,2to3_0,0
177,veh0,163.35,61.09,45,Bus,1,86.66,2to3_0,0
178,veh0,164.06,61.8,45,Bus,1,87.66,2to3_0,0
179,veh0,164.76,62.5,45,Bus,1,88.66,2to3_0,0
180,veh0,165.47,63.21,45,Bus,1,89.66,2to3_0,0
181,veh0,166.18,63.92,45,Bus,1,90.66,2to3_0,0
182,veh0,166.88,64.62,45,Bus,1,91.66,2to3_0,0
183,veh0,167.59,65.33,45,Bus,1,92.66,2to3_0,0
184,veh0,168.3,66.04,45,Bus,1,93.66,2to3_0,0
185,veh0,169,66.74,45,Bus,1,94.66,2to3_0,0
186,veh0,169.71,67.45,45,Bus,1,95.66,2to3_0,0
187,veh0,170.42,68.16,45,Bus,1,96.66,2to3_0,0
188,veh0,171.13,68.87,45,Bus,1,97.66,2to3_0,0
189,veh0,171.83,69.57,45,Bus,1,98.66,2to3_0,0
190,veh0,172.54,70.28,45,Bus,1,99.66,2to3_0,0
191,veh0,173.25,70.99,45,Bus,1,100.66,2to3_0,0
192,veh0,173.95,71.69,45,Bus,1,101.66,2to3_0,0
193,veh0,174.66,72.4,45,Bus,1,102.66,2to3_0,0
194,veh0,175.37,73.11,45,Bus,1,103.66,2to3_0,0
195,veh0,176.08,73.82,45,Bus,1,104.66,2to3_0,0
196,veh0,176.78,74.52,45,Bus,1,105.66,2to3_0,0
197,veh0,177.49,75.23,45,Bus,1,106.66,2to3_0,0
198,veh0,178.2,75.94,45,Bus,1,107.66,2to3_0,0
199,veh0,178.9,76.64,45,Bus,1,108.66,2to3_0,0
200,veh0,179.61,77.35,45,Bus,1,109.66,2to3_0,0
201,veh0,180.32,78.06,45,Bus,1,110.66,2to3_0,0
202,veh0,181.03,78.77,45,Bus,1,111.66,2to3_0,0
203,veh0,181.73,79.47,45,Bus,1,112.66,2to3_0,0
204,veh0,182.44,80.18,45,Bus,1,113.66,2to3_0,0
205,veh0,183.15,80.89,45,Bus,1,114.66,2to3_0,0
206,veh0,183.85,81.59,45,Bus,1,115.66,2to3_0,0
207,veh0,184.56,82.3,45,Bus,1,116.66,2to3_0,0
208,veh0,185.27,83.01,45,Bus,1,117.66,2to3_0,0
209,veh0,185.98,83.72,45,Bus,1,118.66,2to3_0,0
210,veh0,186.68,84.42,45,Bus,1,119.66,2to3_0,0
211,veh0,187.39,85.13,45,Bus,1,120.66,2to3_0,0
212,veh0,188.1,85.84,45,Bus,1,121.66,2to3_0,0
213,veh0,188.8,86.54,45,Bus,1,122.66,2to3_0,0
214,veh0,189.51,87.25,45,Bus,1,123.66,2to3_0,0
215,veh0,190.22,87.96,45,Bus,1,124.66,2to3_0,0
216,veh0,190.93,88.67,45,Bus,1,125.66,2to3_0,0
217,veh0,191.63,89.37,45,Bus,1,126.66,2to3_0,0
218,veh0,192.34,90.08,45,Bus,1,127.66,2to3_0,0
219,veh0,193.05,90.79,45,Bus,1,128.66,2to3_0,0
220,veh0,193.75,91.49,45,Bus,1,129.66,2to3_0,0
221,veh0,194.46,92.2,45,Bus,1,130.66,2to3_0,0
222,veh0,195.17,92.91,45,Bus,1,131.66,2to3_0,0
223,veh0,195.9,93.59,45.15,Bus,1,0.29,:3_1_0,0
224,veh0,196.68,94.22,45.69,Bus,1,1.29,:3_1_0,0
225,veh0,197.62,94.48,48.03,Bus,1,2.29,:3_1_0,0
226,veh0,198.23,93.75,53.3,Bus,1,3.29,:3_1_0,0
227,veh0,198.35,92.76,59.44,Bus,1,4.29,:3_1_0,0
228,veh0,198.4,91.76,67.51,Bus,1,0.51,3to4_0,0
229,veh0,198.4,90.76,78.41,Bus,1,1.51,3to4_0,0
230,veh0,198.4,89.76,93.02,Bus,1,2.51,3to4_0,0
231,veh0,198.4,88.76,110.73,Bus,1,3.51,3to4_0,0
232,veh0,198.4,87.76,128.78,Bus,1,4.51,3to4_0,0
233,veh0,198.4,86.76,144.09,Bus,1,5.51,3to4_0,0
234,veh0,198.4,85.76,155.67,Bus,1,6.51,3to4_0,0
235,veh0,198.4,84.76,164.17,Bus,1,7.51,3to4_0,0
236,veh0,198.4,83.76,170.66,Bus,1,8.51,3to4_0,0
237,veh0,198.4,82.76,176.2,Bus,1,9.51,3to4_0,0
238,veh0,198.4,81.76,179.21,Bus,1,10.51,3to4_0,0
239,veh0,198.4,80.76,179.74,Bus,1,11.51,3to4_0,0
240,veh0,198.4,79.76,180,Bus,1,12.51,3to4_0,0
241,veh0,198.4,78.76,180,Bus,1,13.51,3to4_0,0
242,veh0,198.4,77.76,180,Bus,1,14.51,3to4_0,0
243,veh0,198.4,76.76,180,Bus,1,15.51,3to4_0,0
244,veh0,198.4,75.76,180,Bus,1,16.51,3to4_0,0
245,veh0,198.4,74.76,180,Bus,1,17.51,3to4_0,0
246,veh0,198.4,73.76,180,Bus,1,18.51,3to4_0,0
247,veh0,198.4,72.76,180,Bus,1,19.51,3to4_0,0
248,veh0,198.4,71.76,180,Bus,1,20.51,3to4_0,0
249,veh0,198.4,70.76,180,Bus,1,21.51,3to4_0,0
250,veh0,198.4,69.76,180,Bus,1,22.51,3to4_0,0
251,veh0,198.4,68.76,180,Bus,1,23.51,3to4_0,0
252,veh0,198.4,67.76,180,Bus,1,24.51,3to4_0,0
253,veh0,198.4,66.76,180,Bus,1,25.51,3to4_0,0
254,veh0,198.4,65.76,180,Bus,1,26.51,3to4_0,0
255,veh0,198.4,64.76,180,Bus,1,27.51,3to4_0,0
256,veh0,198.4,63.76,180,Bus,1,28.51,3to4_0,0
257,veh0,198.4,62.76,180,Bus,1,29.51,3to4_0,0
258,veh0,198.4,61.76,180,Bus,1,30.51,3to4_0,0
259,veh0,198.4,60.76,180,Bus,1,31.51,3to4_0,0
260,veh0,198.4,59.76,180,Bus,1,32.51,3to4_0,0
261,veh0,198.4,58.76,180,Bus,1,33.51,3to4_0,0
262,veh0,198.4,57.76,180,Bus,1,34.51,3to4_0,0
263,veh0,198.4,56.76,180,Bus,1,35.51,3to4_0,0
264,veh0,198.4,55.76,180,Bus,1,36.51,3to4_0,0
265,veh0,198.4,54.76,180,Bus,1,37.51,3to4_0,0
266,veh0,198.4,53.76,180,Bus,1,38.51,3to4_0,0
267,veh0,198.4,52.76,180,Bus,1,39.51,3to4_0,0
268,veh0,198.4,51.76,180,Bus,1,40.51,3to4_0,0
269,veh0,198.4,50.76,180,Bus,1,41.51,3to4_0,0
270,veh0,198.4,49.77,180,Bus,1,42.51,3to4_0,0
271,veh0,198.4,48.77,180,Bus,1,43.51,3to4_0,0
272,veh0,198.4,47.77,180,Bus,1,44.51,3to4_0,0
273,veh0,198.4,46.77,180,Bus,1,45.51,3to4_0,0
274,veh0,198.4,45.77,180,Bus,1,46.51,3to4_0,0
275,veh0,198.4,44.77,180,Bus,1,47.51,3to4_0,0
276,veh0,198.4,43.77,180,Bus,1,48.51,3to4_0,0
277,veh0,198.4,42.77,180,Bus,1,49.51,3to4_0,0
278,veh0,198.4,41.77,180,Bus,1,50.51,3to4_0,0
279,veh0,198.4,40.77,180,Bus,1,51.51,3to4_0,0
280,veh0,198.4,39.77,180,Bus,1,52.51,3to4_0,0
281,veh0,198.4,38.77,180,Bus,1,53.51,3to4_0,0
282,veh0,198.4,37.77,180,Bus,1,54.51,3to4_0,0
283,veh0,198.4,36.77,180,Bus,1,55.51,3to4_0,0
284,veh0,198.4,35.77,180,Bus,1,56.51,3to4_0,0
285,veh0,198.4,34.77,180,Bus,1,57.51,3to4_0,0
286,veh0,198.4,33.77,180,Bus,1,58.51,3to4_0,0
287,veh0,198.4,32.77,180,Bus,1,59.51,3to4_0,0
288,veh0,198.4,31.77,180,Bus,1,60.51,3to4_0,0
289,veh0,198.4,30.77,180,Bus,1,61.51,3to4_0,0
290,veh0,198.4,29.77,180,Bus,1,62.51,3to4_0,0
291,veh0,198.4,28.77,180,Bus,1,63.51,3to4_0,0
292,veh0,198.4,27.77,180,Bus,1,64.51,3to4_0,0
293,veh0,198.4,26.77,180,Bus,1,65.51,3to4_0,0
294,veh0,198.4,25.77,180,Bus,1,66.51,3to4_0,0
295,veh0,198.4,24.77,180,Bus,1,67.51,3to4_0,0
296,veh0,198.4,23.77,180,Bus,1,68.51,3to4_0,0
297,veh0,198.4,22.77,180,Bus,1,69.51,3to4_0,0
298,veh0,198.4,21.77,180,Bus,1,70.51,3to4_0,0
299,veh0,198.4,20.77,180,Bus,1,71.51,3to4_0,0
300,veh0,198.4,19.77,180,Bus,1,72.51,3to4_0,0
301,veh0,198.4,18.77,180,Bus,1,73.51,3to4_0,0
302,veh0,198.4,17.77,180,Bus,1,74.51,3to4_0,0
303,veh0,198.4,16.77,180,Bus,1,75.51,3to4_0,0
304,veh0,198.4,15.77,180,Bus,1,76.51,3to4_0,0
305,veh0,198.4,14.77,180,Bus,1,77.51,3to4_0,0
306,veh0,198.4,13.77,180,Bus,1,78.51,3to4_0,0
307,veh0,198.4,12.77,180,Bus,1,79.51,3to4_0,0
308,veh0,198.4,11.77,180,Bus,1,80.51,3to4_0,0
309,veh0,198.4,10.77,180,Bus,1,81.51,3to4_0,0
310,veh0,198.4,9.77,180,Bus,1,82.51,3to4_0,0
311,veh0,198.4,8.77,180,Bus,1,83.51,3to4_0,0
312,veh0,198.4,7.77,180,Bus,1,84.51,3to4_0,0
313,veh0,198.51,6.78,179.49,Bus,1,0.96,:4_0_0,0
314,veh0,198.62,5.78,178.96,Bus,1,1.96,:4_0_0,0
315,veh0,198.73,4.79,178.43,Bus,1,2.96,:4_0_0,0
316,veh0,198.84,3.79,177.89,Bus,1,3.96,:4_0_0,0
317,veh0,199.13,2.87,176.48,Bus,1,4.96,:4_0_0,0
318,veh0,199.73,2.06,173.54,Bus,1,5.96,:4_0_0,0
319,veh0,200.32,1.26,170.54,Bus,1,6.96,:4_0_0,0
320,veh0,201.22,1.2,165.06,Bus,1,7.96,:4_0_0,0
321,veh0,202.21,1.35,157.99,Bus,1,8.96,:4_0_0,0
322,veh0,203.16,1.59,149.81,Bus,1,9.96,:4_0_0,0
323,veh0,203.94,2.21,139.8,Bus,1,10.96,:4_0_0,0
324,veh0,204.72,2.84,127.96,Bus,1,11.96,:4_0_0,0
325,veh0,205.5,3.46,115.34,Bus,1,12.96,:4_0_0,0
326,veh0,206.29,4.09,102.46,Bus,1,13.96,:4_0_0,0
327,veh0,207.02,4.76,90.18,Bus,1,0.61,out_0,0
328,veh0,207.73,5.47,79.32,Bus,1,1.61,out_0,0
329,veh0,208.44,6.18,70.44,Bus,1,2.61,out_0,0
330,veh0,209.14,6.88,62.9,Bus,1,3.61,out_0,0
331,veh0,209.85,7.59,56.4,Bus,1,4.61,out_0,0
332,veh0,210.56,8.3,52.75,Bus,1,5.61,out_0,0
333,veh0,211.26,9,49.79,Bus,1,6.61,out_0,0
334,veh0,211.97,9.71,47.33,Bus,1,7.61,out_0,0
335,veh0,212.68,10.42,46.8,Bus,1,8.61,out_0,0
336,veh0,213.39,11.13,46.27,Bus,1,9.61,out_0,0
337,veh0,214.09,11.83,45.74,Bus,1,10.61,out_0,0
338,veh0,214.8,12.54,45.21,Bus,1,11.61,out_0,0
339,veh0,215.51,13.25,45,Bus,1,12.61,out_0,0
340,veh0,216.21,13.95,45,Bus,1,13.61,out_0,0
341,veh0,216.92,14.66,45,Bus,1,14.61,out_0,0
342,veh0,217.63,15.37,45,Bus,1,15.61,out_0,0
343,veh0,218.34,16.08,45,Bus,1,16.61,out_0,0
344,veh0,219.04,16.78,45,Bus,1,17.61,out_0,0
345,veh0,219.75,17.49,45,Bus,1,18.61,out_0,0
346,veh0,220.46,18.2,45,Bus,1,19.61,out_0,0
347,veh0,221.16,18.9,45,Bus,1,20.61,out_0,0
348,veh0,221.87,19.61,45,Bus,1,21.61,out_0,0
349,veh0,222.58,20.32,45,Bus,1,22.61,out_0,0
350,veh0,223.28,21.02,45,Bus,1,23.61,out_0,0
351,veh0,223.99,21.73,45,Bus,1,24.61,out_0,0
352,veh0,224.7,22.44,45,Bus,1,25.61,out_0,0
353,veh0,225.41,23.15,45,Bus,1,26.61,out_0,0
354,veh0,226.11,23.85,45,Bus,1,27.61,out_0,0
355,veh0,226.82,24.56,45,Bus,1,28.61,out_0,0
356,veh0,227.53,25.27,45,Bus,1,29.61,out_0,0
357,veh0,228.23,25.97,45,Bus,1,30.61,out_0,0
358,veh0,228.94,26.68,45,Bus,1,31.61,out_0,0
359,veh0,229.65,27.39,45,Bus,1,32.61,out_0,0
360,veh0,230.36,28.1,45,Bus,1,33.61,out_0,0
361,veh0,231.06,28.8,45,Bus,1,34.61,out_0,0
362,veh0,231.77,29.51,45,Bus,1,35.61,out_0,0
363,veh0,232.48,30.22,45,Bus,1,36.61,out_0,0
364,veh0,233.18,30.92,45,Bus,1,37.61,out_0,0
365,veh0,233.89,31.63,45,Bus,1,38.61,out_0,0
366,veh0,234.6,32.34,45,Bus,1,39.61,out_0,0
367,veh0,235.31,33.05,45,Bus,1,40.61,out_0,0
368,veh0,236.01,33.75,45,Bus,1,41.61,out_0,0
369,veh0,236.72,34.46,45,Bus,1,42.61,out_0,0
370,veh0,237.43,35.17,45,Bus,1,43.61,out_0,0
371,veh0,238.13,35.87,45,Bus,1,44.61,out_0,0
372,veh0,238.84,36.58,45,Bus,1,45.61,out_0,0
373,veh0,239.55,37.29,45,Bus,1,46.61,out_0,0
374,veh0,240.26,38,45,Bus,1,47.61,out_0,0
375,veh0,240.96,38.7,45,Bus,1,48.61,out_0,0
376,veh0,241.67,39.41,45,Bus,1,49.61,out_0,0
377,veh0,242.38,40.12,45,Bus,1,50.61,out_0,0
378,veh0,243.08,40.82,45,Bus,1,51.61,out_0,0
379,veh0,243.79,41.53,45,Bus,1,52.61,out_0,0
380,veh0,244.5,42.24,45,Bus,1,53.61,out_0,0
381,veh0,245.21,42.95,45,Bus,1,54.61,out_0,0
382,veh0,245.91,43.65,45,Bus,1,55.61,out_0,0
383,veh0,246.62,44.36,45,Bus,1,56.61,out_0,0
384,veh0,247.33,45.07,45,Bus,1,57.61,out_0,0
385,veh0,248.03,45.77,45,Bus,1,58.61,out_0,0
386,veh0,248.74,46.48,45,Bus,1,59.61,out_0,0
387,veh0,249.45,47.19,45,Bus,1,60.61,out_0,0
388,veh0,250.15,47.89,45,Bus,1,61.61,out_0,0
389,veh0,250.86,48.6,45,Bus,1,62.61,out_0,0
390,veh0,251.57,49.31,45,Bus,1,63.61,out_0,0
391,veh0,252.28,50.02,45,Bus,1,64.61,out_0,0
392,veh0,252.98,50.72,45,Bus,1,65.61,out_0,0
393,veh0,253.69,51.43,45,Bus,1,66.61,out_0,0
394,veh0,254.4,52.14,45,Bus,1,67.61,out_0,0
395,veh0,255.1,52.84,45,Bus,1,68.61,out_0,0
396,veh0,255.81,53.55,45,Bus,1,69.61,out_0,0
397,veh0,256.52,54.26,45,Bus,1,70.61,out_0,0
398,veh0,257.23,54.97,45,Bus,1,71.61,out_0,0
399,veh0,257.93,55.67,45,Bus,1,72.61,out_0,0
400,veh0,258.64,56.38,45,Bus,1,73.61,out_0,0
401,veh0,259.35,57.09,45,Bus,1,74.61,out_0,0
402,veh0,260.05,57.79,45,Bus,1,75.61,out_0,0
403,veh0,260.76,58.5,45,Bus,1,76.61,out_0,0
404,veh0,261.47,59.21,45,Bus,1,77.61,out_0,0
405,veh0,262.18,59.92,45,Bus,1,78.61,out_0,0
406,veh0,262.88,60.62,45,Bus,1,79.61,out_0,0
407,veh0,263.59,61.33,45,Bus,1,80.61,out_0,0
408,veh0,264.3,62.04,45,Bus,1,81.61,out_0,0
409,veh0,265,62.74,45,Bus,1,82.61,out_0,0
410,veh0,265.71,63.45,45,Bus,1,83.61,out_0,0
411,veh0,266.42,64.16,45,Bus,1,84.61,out_0,0
412,veh0,267.13,64.87,45,Bus,1,85.61,out_0,0
413,veh0,267.83,65.57,45,Bus,1,86.61,out_0,0
414,veh0,268.54,66.28,45,Bus,1,87.61,out_0,0
415,veh0,269.25,66.99,45,Bus,1,88.61,out_0,0
416,veh0,269.95,67.69,45,Bus,1,89.61,out_0,0
417,veh0,270.66,68.4,45,Bus,1,90.61,out_0,0
418,veh0,271.37,69.11,45,Bus,1,91.61,out_0,0
419,veh0,272.08,69.82,45,Bus,1,92.61,out_0,0
420,veh0,272.78,70.52,45,Bus,1,93.61,out_0,0
421,veh0,273.49,71.23,45,Bus,1,94.61,out_0,0
422,veh0,274.2,71.94,45,Bus,1,95.61,out_0,0
423,veh0,274.9,72.64,45,Bus,1,96.61,out_0,0
424,veh0,275.61,73.35,45,Bus,1,97.61,out_0,0
425,veh0,276.32,74.06,45,Bus,1,98.61,out_0,0
426,veh0,277.02,74.76,45,Bus,1,99.61,out_0,0
427,veh0,277.73,75.47,45,Bus,1,100.61,out_0,0
428,veh0,278.44,76.18,45,Bus,1,101.61,out_0,0
429,veh0,279.15,76.89,45,Bus,1,102.61,out_0,0
430,veh0,279.85,77.59,45,Bus,1,103.61,out_0,0
431,veh0,280.56,78.3,45,Bus,1,104.61,out_0,0
432,veh0,281.27,79.01,45,Bus,1,105.61,out_0,0
433,veh0,281.97,79.71,45,Bus,1,106.61,out_0,0
434,veh0,282.68,80.42,45,Bus,1,107.61,out_0,0
435,veh0,283.39,81.13,45,Bus,1,108.61,out_0,0
436,veh0,284.1,81.84,45,Bus,1,109.61,out_0,0
437,veh0,284.8,82.54,45,Bus,1,110.61,out_0,0
438,veh0,285.51,83.25,45,Bus,1,111.61,out_0,0
439,veh0,286.22,83.96,45,Bus,1,112.61,out_0,0
440,veh0,286.92,84.66,45,Bus,1,113.61,out_0,0
441,veh0,287.63,85.37,45,Bus,1,114.61,out_0,0
442,veh0,288.34,86.08,45,Bus,1,115.61,out_0,0
443,veh0,289.05,86.79,45,Bus,1,116.61,out_0,0
444,veh0,289.75,87.49,45,Bus,1,117.61,out_0,0
445,veh0,290.46,88.2,45,Bus,1,118.61,out_0,0
446,veh0,291.17,88.91,45,Bus,1,119.61,out_0,0
447,veh0,291.87,89.61,45,Bus,1,120.61,out_0,0
448,veh0,292.58,90.32,45,Bus,1,121.61,out_0,0
449,veh0,293.29,91.03,45,Bus,1,122.61,out_0,0
450,veh0,294,91.74,45,Bus,1,123.61,out_0,0
451,veh0,294.7,92.44,45,Bus,1,124.61,out_0,0
452,veh0,295.41,93.15,45,Bus,1,125.61,out_0,0
453,veh0,296.12,93.86,45,Bus,1,126.61,out_0,0
454,veh0,296.82,94.56,45,Bus,1,127.61,out_0,0
455,veh0,297.53,95.27,45,Bus,1,128.61,out_0,0
456,veh0,298.24,95.98,45,Bus,1,129.61,out_0,0
457,veh0,298.95,96.69,45,Bus,1,130.61,out_0,0
458,veh0,299.65,97.39,45,Bus,1,131.61,out_0,0
459,veh0,300.36,98.1,45,Bus,1,132.61,out_0,0
460,,,,,,,,,
461,,,,,,,,,
462,,,,,,,,,
463,,,,,,,,,
464,,,,,,,,,
465,,,,,,,,,
466,,,,,,,,,
467,,,,,,,,,
468,,,,,,,,,
469,,,,,,,,,
470,,,,,,,,,
471,,,,,,,,,
472,,,,,,,,,
473,,,,,,,,,
474,,,,,,,,,
475,,,,,,,,,
476,,,,,,,,,
477,,,,,,,,,
478,,,,,,,,,
479,,,,,,,,,
480,,,,,,,,,
481,,,,,,,,,
482,,,,,,,,,
483,,,,,,,,,
484,,,,,,,,,
485,,,,,,,,,
486,,,,,,,,,
487,,,,,,,,,
488,,,,,,,,,
489,,,,,,,,,
490,,,,,,,,,
491,,,,,,,,,
492,,,,,,,,,
493,,,,,,,,,
494,,,,,,,,,
495,,,,,,,,,
496,,,,,,,,,
497,,,,,,,,,
498,,,,,,,,,
499,,,,,,,,,
500,,,,,,,,,
501,,,,,,,,,
502,,,,,,,,,
503,,,,,,,,,
504,,,,,,,,,
505,,,,,,,,,
506,,,,,,,,,
507,,,,,,,,,
508,,,,,,,,,
509,,,,,,,,,
510,,,,,,,,,
511,,,,,,,,,
512,,,,,,,,,
513,,,,,,,,,
514,,,,,,,,,
515,,,,,,,,,
516,,,,,,,,,
517,,,,,,,,,
518,,,,,,,,,
519,,,,,,,,,
520,,,,,,,,,
521,,,,,,,,,
522,,,,,,,,,
523,,,,,,,,,
524,,,,,,,,,
525,,,,,,,,,
526,,,,,,,,,
527,,,,,,,,,
528,,,,,,,,,
529,,,,,,,,,
530,,,,,,,,,
531,,,,,,,,,
532,,,,,,,,,
533,,,,,,,,,
534,,,,,,,,,
535,,,,,,,,,
536,,,,,,,,,
537,,,,,,,,,
538,,,,,,,,,
539,,,,,,,,,
540,,,,,,,,,
541,,,,,,,,,
542,,,,,,,,,
543,,,,,,,,,
544,,,,,,,,,
545,,,,,,,,,
546,,,,,,,,,
547,,,,,,,,,
548,,,,,,,,,
549,,,,,,,,,
550,,,,,,,,,
551,,,,,,,,,
552,,,,,,,,,
553,,,,,,,,,
554,,,,,,,,,
555,,,,,,,,,
556,,,,,,,,,
557,,,,,,,,,
558,,,,,,,,,
559,,,,,,,,,
560,,,,,,,,,
561,,,,,,,,,
562,,,,,,,,,
563,,,,,,,,,
564,,,,,,,,,
565,,,,,,,,,
566,,,,,,,,,
567,,,,,,,,,
568,,,,,,,,,
569,,,,,,,,,
570,,,,,,,,,
571,,,,,,,,,
572,,,,,,,,,
573,,,,,,,,,
574,,,,,,,,,
575,,,,,,,,,
576,,,,,,,,,
577,,,,,,,,,
578,,,,,,,,,
579,,,,,,,,,
580,,,,,,,,,
581,,,,,,,,,
582,,,,,,,,,
583,,,,,,,,,
584,,,,,,,,,
585,,,,,,,,,
586,,,,,,,,,
587,,,,,,,,,
588,,,,,,,,,
589,,,,,,,,,
590,,,,,,,,,
591,,,,,,,,,
592,,,,,,,,,
593,,,,,,,,,
594,,,,,,,,,
595,,,,,,,,,
596,,,,,,,,,
597,,,,,,,,,
598,,,,,,,,,
599,,,,,,,,,
600,,,,,,,,,
601,,,,,,,,,
602,,,,,,,,,
603,,,,,,,,,
604,,,,,,,,,
605,,,,,,,,,
606,,,,,,,,,
607,,,,,,,,,
608,,,,,,,,,
609,,,,,,,,,
610,,,,,,,,,
611,,,,,,,,,
612,,,,,,,,,
613,,,,,,,,,
614,,,,,,,,,
615,,,,,,,,,
616,,,,,,,,,
617,,,,,,,,,
618,,,,,,,,,
619,,,,,,,,,
620,,,,,,,,,
621,,,,,,,,,
622,,,,,,,,,
623,,,,,,,,,
624,,,,,,,,,
625,,,,,,,,,
626,,,,,,,,,
627,,,,,,,,,
628,,,,,,,,,
629,,,,,,,,,
630,,,,,,,,,
631,,,,,,,,,
632,,,,,,,,,
633,,,,,,,,,
634,,,,,,,,,
635,,,,,,,,,
636,,,,,,,,,
637,,,,,,,,,
638,,,,,,,,,
639,,,,,,,,,
640,,,,,,,,,
641,,,,,,,,,
642,,,,,,,,,
643,,,,,,,,,
644,,,,,,,,,
645,,,,,,,,,
646,,,,,,,,,
647,,,,,,,,,
648,,,,,,,,,
649,,,,,,,,,
650,,,,,,,,,
651,,,,,,,,,
652,,,,,,,,,
653,,,,,,,,,
654,,,,,,,,,
655,,,,,,,,,
656,,,,,,,,,
657,,,,,,,,,
658,,,,,,,,,
659,,,,,,,,,
660,,,,,,,,,
661,,,,,,,,,
662,,,,,,,,,
663,,,,,,,,,
664,,,,,,,,,
665,,,,,,,,,
666,,,,,,,,,
667,,,,,,,,,
668,,,,,,,,,
669,,,,,,,,,
670,,,,,,,,,
671,,,,,,,,,
672,,,,,,,,,
673,,,,,,,,,
674,,,,,,,,,
675,,,,,,,,,
676,,,,,,,,,
677,,,,,,,,,
678,,,,,,,,,
679,,,,,,,,,
680,,,,,,,,,
681,,,,,,,,,
682,,,,,,,,,
683,,,,,,,,,
684,,,,,,,,,
685,,,,,,,,,
686,,,,,,,,,
687,,,,,,,,,
688,,,,,,,,,
689,,,,,,,,,
690,,,,,,,,,
691,,,,,,,,,
692,,,,,,,,,
693,,,,,,,,,
694,,,,,,,,,
695,,,,,,,,,
696,,,,,,,,,
697,,,,,,,,,
698,,,,,,,,,
699,,,,,,,,,
700,,,,,,,,,
701,,,,,,,,,
702,,,,,,,,,
703,,,,,,,,,
704,,,,,,,,,
705,,,,,,,,,
706,,,,,,,,,
707,,,,,,,,,
708,,,,,,,,,
709,,,,,,,,,
710,,,,,,,,,
711,,,,,,,,,
712,,,,,,,,,
713,,,,,,,,,
714,,,,,,,,,
715,,,,,,,,,
716,,,,,,,,,
717,,,,,,,,,
718,,,,,,,,,
719,,,,,,,,,
720,,,,,,,,,
721,,,,,,,,,
722,,,,,,,,,
723,,,,,,,,,
724,,,,,,,,,
725,,,,,,,,,
726,,,,,,,,,
727,,,,,,,,,
728,,,,,,,,,
729,,,,,,,,,
730,,,,,,,,,
731,,,,,,,,,
732,,,,,,,,,
733,,,,,,,,,
734,,,,,,,,,
735,,,,,,,,,
736,,,,,,,,,
737,,,,,,,,,
738,,,,,,,,,
739,,,,,,,,,
740,,,,,,,,,
741,,,,,,,,,
742,,,,,,,,,
743,,,,,,,,,
744,,,,,,,,,
745,,,,,,,,,
746,,,,,,,,,
747,,,,,,,,,
748,,,,,,,,,
749,,,,,,,,,
750,,,,,,,,,
751,,,,,,,,,
752,,,,,,,,,
753,,,,,,,,,
754,,,,,,,,,
755,,,,,,,,,
756,,,,,,,,,
757,,,,,,,,,
758,,,,,,,,,
759,,,,,,,,,
760,,,,,,,,,
761,,,,,,,,,
762,,,,,,,,,
763,,,,,,,,,
764,,,,,,,,,
765,,,,,,,,,
766,,,,,,,,,
767,,,,,,,,,
768,,,,,,,,,
769,,,,,,,,,
770,,,,,,,,,
771,,,,,,,,,
772,,,,,,,,,
773,,,,,,,,,
774,,,,,,,,,
775,,,,,,,,,
776,,,,,,,,,
777,,,,,,,,,
778,,,,,,,,,
779,,,,,,,,,
780,,,,,,,,,
781,,,,,,,,,
782,,,,,,,,,
783,,,,,,,,,
784,,,,,,,,,
785,,,,,,,,,
786,,,,,,,,,
787,,,,,,,,,
788,,,,,,,,,
789,,,,,,,,,
790,,,,,,,,,
791,,,,,,,,,
792,,,,,,,,,
793,,,,,,,,,
794,,,,,,,,,
795,,,,,,,,,
796,,,,,,,,,
797,,,,,,,,,
798,,,,,,,,,
799,,,,,,,,,
800,,,,,,,,,
801,,,,,,,,,
802,,,,,,,,,
803,,,,,,,,,
804,,,,,,,,,
805,,,,,,,,,
806,,,,,,,,,
807,,,,,,,,,
808,,,,,,,,,
809,,,,,,,,,
810,,,,,,,,,
811,,,,,,,,,
812,,,,,,,,,
813,,,,,,,,,
814,,,,,,,,,
815,,,,,,,,,
816,,,,,,,,,
817,,,,,,,,,
818,,,,,,,,,
819,,,,,,,,,
820,,,,,,,,,
821,,,,,,,,,
822,,,,,,,,,
823,,,,,,,,,
824,,,,,,,,,
825,,,,,,,,,
826,,,,,,,,,
827,,,,,,,,,
828,,,,,,,,,
829,,,,,,,,,
830,,,,,,,,,
831,,,,,,,,,
832,,,,,,,,,
833,,,,,,,,,
834,,,,,,,,,
835,,,,,,,,,
836,,,,,,,,,
837,,,,,,,,,
838,,,,,,,,,
839,,,,,,,,,
840,,,,,,,,,
841,,,,,,,,,
842,,,,,,,,,
843,,,,,,,,,
844,,,,,,,,,
845,,,,,,,,,
846,,,,,,,,,
847,,,,,,,,,
848,,,,,,,,,
849,,,,,,,,,
850,,,,,,,,,
851,,,,,,,,,
852,,,,,,,,,
853,,,,,,,,,
854,,,,,,,,,
855,,,,,,,,,
856,,,,,,,,,
857,,,,,,,,,
858,,,,,,,,,
859,,,,,,,,,
860,,,,,,,,,
861,,,,,,,,,
862,,,,,,,,,
863,,,,,,,,,
864,,,,,,,,,
865,,,,,,,,,
866,,,,,,,,,
867,,,,,,,,,
868,,,,,,,,,
869,,,,,,,,,
870,,,,,,,,,
871,,,,,,,,,
872,,,,,,,,,
873,,,,,,,,,
874,,,,,,,,,
875,,,,,,,,,
876,,,,,,,,,
877,,,,,,,,,
878,,,,,,,,,
879,,,,,,,,,
880,,,,,,,,,
881,,,,,,,,,
882,,,,,,,,,
883,,,,,,,,,
884,,,,,,,,,
885,,,,,,,,,
886,,,,,,,,,
887,,,,,,,,,
888,,,,,,,,,
889,,,,,,,,,
890,,,,,,,,,
891,,,,,,,,,
892,,,,,,,,,
893,,,,,,,,,
894,,,,,,,,,
895,,,,,,,,,
896,,,,,,,,,
897,,,,,,,,,
898,,,,,,,,,
899,,,,,,,,,
900,,,,,,,,,
901,,,,,,,,,
902,,,,,,,,,
903,,,,,,,,,
904,,,,,,,,,
905,,,,,,,,,
906,,,,,,,,,
907,,,,,,,,,
908,,,,,,,,,
909,,,,,,,,,
910,,,,,,,,,
911,,,,,,,,,
912,,,,,,,,,
913,,,,,,,,,
914,,,,,,,,,
915,,,,,,,,,
916,,,,,,,,,
917,,,,,,,,,
918,,,,,,,,,
919,,,,,,,,,
920,,,,,,,,,
921,,,,,,,,,
922,,,,,,,,,
923,,,,,,,,,
924,,,,,,,,,
925,,,,,,,,,
926,,,,,,,,,
927,,,,,,,,,
928,,,,,,,,,
929,,,,,,,,,
930,,,,,,,,,
931,,,,,,,,,
932,,,,,,,,,
933,,,,,,,,,
934,,,,,,,,,
935,,,,,,,,,
936,,,,,,,,,
937,,,,,,,,,
938,,,,,,,,,
939,,,,,,,,,
940,,,,,,,,,
941,,,,,,,,,
942,,,,,,,,,
943,,,,,,,,,
944,,,,,,,,,
945,,,,,,,,,
946,,,,,,,,,
947,,,,,,,,,
948,,,,,,,,,
949,,,,,,,,,
950,,,,,,,,,
951,,,,,,,,,
952,,,,,,,,,
953,,,,,,,,,
954,,,,,,,,,
955,,,,,,,,,
956,,,,,,,,,
957,,,,,,,,,
958,,,,,,,,,
959,,,,,,,,,
960,,,,,,,,,
961,,,,,,,,,
962,,,,,,,,,
963,,,,,,,,,
964,,,,,,,,,
965,,,,,,,,,
966,,,,,,,,,
967,,,,,,,,,
968,,,,,,,,,
969,,,,,,,,,
970,,,,,,,,,
971,,,,,,,,,
972,,,,,,,,,
973,,,,,,,,,
974,,,,,,,,,
975,,,,,,,,,
976,,,,,,,,,
977,,,,,,,,,
978,,,,,,,,,
979,,,,,,,,,
980,,,,,,,,,
981,,,,,,,,,
982,,,,,,,,,
983,,,,,,,,,
984,,,,,,,,,
985,,,,,,,,,
986,,,,,,,,,
987,,,,,,,,,
988,,,,,,,,,
989,,,,,,,,,
990,,,,,,,,,
991,,,,,,,,,
992,,,,,,,,,
993,,,,,,,,,
994,,,,,,,,,
995,,,,,,,,,
996,,,,,,,,,
997,,,,,,,,,
998,,,,,,,,,
999,,,,,,,,,
1000,,,,,,,,,
1001,,,,,,,,,
1002,,,,,,,,,
1003,,,,,,,,,
1004,,,,,,,,,
1005,,,,,,,,,
1006,,,,,,,,,
1007,,,,,,,,,
1008,,,,,,,,,
1009,,,,,,,,,
1010,,,,,,,,,
1011,,,,,,,,,
1012,,,,,,,,,
1013,,,,,,,,,
1014,,,,,,,,,
1015,,,,,,,,,
1016,,,,,,,,,
1017,,,,,,,,,
1018,,,,,,,,,
1019,,,,,,,,,
1020,,,,,,,,,
1021,,,,,,,,,
1022,,,,,,,,,
1023,,,,,,,,,
1024,,,,,,,,,
1025,,,,,,,,,
1026,,,,,,,,,
1027,,,,,,,,,
1028,,,,,,,,,
1029,,,,,,,,,
1030,,,,,,,,,
1031,,,,,,,,,
1032,,,,,,,,,
1033,,,,,,,,,
1034,,,,,,,,,
1035,,,,,,,,,
1036,,,,,,,,,
1037,,,,,,,,,
1038,,,,,,,,,
1039,,,,,,,,,
1040,,,,,,,,,
1041,,,,,,,,,
1042,,,,,,,,,
1043,,,,,,,,,
1044,,,,,,,,,
1045,,,,,,,,,
1046,,,,,,,,,
1047,,,,,,,,,
1048,,,,,,,,,
1049,,,,,,,,,
1050,,,,,,,,,
1051,,,,,,,,,
1052,,,,,,,,,
1053,,,,,,,,,
1054,,,,,,,,,
1055,,,,,,,,,
1056,,,,,,,,,
1057,,,,,,,,,
1058,,,,,,,,,
1059,,,,,,,,,
1060,,,,,,,,,
1061,,,,,,,,,
1062,,,,,,,,,
1063,,,,,,,,,
1064,,,,,,,,,
1065,,,,,,,,,
1066,,,,,,,,,
1067,,,,,,,,,
1068,,,,,,,,,
1069,,,,,,,,,
1070,,,,,,,,,
1071,,,,,,,,,
1072,,,,,,,,,
1073,,,,,,,,,
1074,,,,,,,,,
1075,,,,,,,,,
1076,,,,,,,,,
1077,,,,,,,,,
1078,,,,,,,,,
1079,,,,,,,,,
1080,,,,,,,,,
1081,,,,,,,,,
1082,,,,,,,,,
1083,,,,,,,,,
1084,,,,,,,,,
1085,,,,,,,,,
1086,,,,,,,,,
1087,,,,,,,,,
1088,,,,,,,,,
1089,,,,,,,,,
1090,,,,,,,,,
1091,,,,,,,,,
1092,,,,,,,,,
1093,,,,,,,,,
1094,,,,,,,,,
1095,,,,,,,,,
1096,,,,,,,,,
1097,,,,,,,,,
1098,,,,,,,,,
1099,,,,,,,,,
1100,,,,,,,,,
1101,,,,,,,,,
1102,,,,,,,,,
1103,,,,,,,,,
1104,,,,,,,,,
1105,,,,,,,,,
1106,,,,,,,,,
1107,,,,,,,,,
1108,,,,,,,,,
1109,,,,,,,,,
1110,,,,,,,,,
1111,,,,,,,,,
1112,,,,,,,,,
1113,,,,,,,,,
1114,,,,,,,,,
1115,,,,,,,,,
1116,,,,,,,,,
1117,,,,,,,,,
1118,,,,,,,,,
1119,,,,,,,,,
1120,,,,,,,,,
1121,,,,,,,,,
1122,,,,,,,,,
1123,,,,,,,,,
1124,,,,,,,,,
1125,,,,,,,,,
1126,,,,,,,,,
1127,,,,,,,,,
1128,,,,,,,,,
1129,,,,,,,,,
1130,,,,,,,,,
1131,,,,,,,,,
1132,,,,,,,,,
1133,,,,,,,,,
1134,,,,,,,,,
1135,,,,,,,,,
1136,,,,,,,,,
1137,,,,,,,,,
1138,,,,,,,,,
1139,,,,,,,,,
1140,,,,,,,,,
1141,,,,,,,,,
1142,,,,,,,,,
1143,,,,,,,,,
1144,,,,,,,,,
1145,,,,,,,,,
1146,,,,,,,,,
1147,,,,,,,,,
1148,,,,,,,,,
1149,,,,,,,,,
1150,,,,,,,,,
1151,,,,,,,,,
1152,,,,,,,,,
1153,,,,,,,,,
1154,,,,,,,,,
1155,,,,,,,,,
1156,,,,,,,,,
1157,,,,,,,,,
1158,,,,,,,,,
1159,,,,,,,,,
1160,,,,,,,,,
1161,,,,,,,,,
1162,,,,,,,,,
1163,,,,,,,,,
1164,,,,,,,,,
1165,,,,,,,,,
1166,,,,,,,,,
1167,,,,,,,,,
1168,,,,,,,,,
1169,,,,,,,,,
1170,,,,,,,,,
1171,,,,,,,,,
1172,,,,,,,,,
1173,,,,,,,,,
1174,,,,,,,,,
1175,,,,,,,,,
1176,,,,,,,,,
1177,,,,,,,,,
1178,,,,,,,,,
1179,,,,,,,,,
1180,,,,,,,,,
1181,,,,,,,,,
1182,,,,,,,,,
1183,,,,,,,,,
1184,,,,,,,,,
1185,,,,,,,,,
1186,,,,,,,,,
1187,,,,,,,,,
1188,,,,,,,,,
1189,,,,,,,,,
1190,,,,,,,,,
1191,,,,,,,,,
1192,,,,,,,,,
1193,,,,,,,,,
1194,,,,,,,,,
1195,,,,,,,,,
1196,,,,,,,,,
1197,,,,,,,,,
1198,,,,,,,,,
1199,,,,,,,,,
1200,,,,,,,,,
1201,,,,,,,,,
1202,,,,,,,,,
1203,,,,,,,,,
1204,,,,,,,,,
1205,,,,,,,,,
1206,,,,,,,,,
1207,,,,,,,,,
1208,,,,,,,,,
1209,,,,,,,,,
1210,,,,,,,,,
1211,,,,,,,,,
1212,,,,,,,,,
1213,,,,,,,,,
1214,,,,,,,,,
1215,,,,,,,,,
1216,,,,,,,,,
1217,,,,,,,,,
1218,,,,,,,,,
1219,,,,,,,,,
1220,,,,,,,,,
1221,,,,,,,,,
1222,,,,,,,,,
1223,,,,,,,,,
1224,,,,,,,,,
1225,,,,,,,,,
1226,,,,,,,,,
1227,,,,,,,,,
1228,,,,,,,,,
1229,,,,,,,,,
1230,,,,,,,,,
1231,,,,,,,,,
1232,,,,,,,,,
1233,,,,,,,,,
1234,,,,,,,,,
1235,,,,,,,,,
1236,,,,,,,,,
1237,,,,,,,,,
1238,,,,,,,,,
1239,,,,,,,,,
1240,,,,,,,,,
1241,,,,,,,,,
1242,,,,,,,,,
1243,,,,,,,,,
1244,,,,,,,,,
1245,,,,,,,,,
1246,,,,,,,,,
1247,,,,,,,,,
1248,,,,,,,,,
1249,,,,,,,,,
1250,,,,,,,,,
1251,,,,,,,,,
1252,,,,,,,,,
1253,,,,,,,,,
1254,,,,,,,,,
1255,,,,,,,,,
1256,,,,,,,,,
1257,,,,,,,,,
1258,,,,,,,,,
1259,,,,,,,,,
1260,,,,,,,,,
1261,,,,,,,,,
1262,,,,,,,,,
1263,,,,,,,,,
1264,,,,,,,,,
1265,,,,,,,,,
1266,,,,,,,,,
1267,,,,,,,,,
1268,,,,,,,,,
1269,,,,,,,,,
1270,,,,,,,,,
1271,,,,,,,,,
1272,,,,,,,,,
1273,,,,,,,,,
1274,,,,,,,,,
1275,,,,,,,,,
1276,,,,,,,,,
1277,,,,,,,,,
1278,,,,,,,,,
1279,,,,,,,,,
1280,,,,,,,,,
1281,,,,,,,,,
1282,,,,,,,,,
1283,,,,,,,,,
1284,,,,,,,,,
1285,,,,,,,,,
1286,,,,,,,,,
1287,,,,,,,,,
1288,,,,,,,,,
1289,,,,,,,,,
1290,,,,,,,,,
1291,,,,,,,,,
1292,,,,,,,,,
1293,,,,,,,,,
1294,,,,,,,,,
1295,,,,,,,,,
1296,,,,,,,,,
1297,,,,,,,,,
1298,,,,,,,,,
1299,,,,,,,,,
1300,,,,,,,,,
1301,,,,,,,,,
1302,,,,,,,,,
1303,,,,,,,,,
1304,,,,,,,,,
1305,,,,,,,,,
1306,,,,,,,,,
1307,,,,,,,,,
1308,,,,,,,,,
1309,,,,,,,,,
1310,,,,,,,,,
1311,,,,,,,,,
1312,,,,,,,,,
1313,,,,,,,,,
1314,,,,,,,,,
1315,,,,,,,,,
1316,,,,,,,,,
1317,,,,,,,,,
1318,,,,,,,,,
1319,,,,,,,,,
1320,,,,,,,,,
1321,,,,,,,,,
1322,,,,,,,,,
1323,,,,,,,,,
1324,,,,,,,,,
1325,,,,,,,,,
1326,,,,,,,,,
1327,,,,,,,,,
1328,,,,,,,,,
1329,,,,,,,,,
1330,,,,,,,,,
1331,,,,,,,,,
1332,,,,,,,,,
1333,,,,,,,,,
1334,,,,,,,,,
1335,,,,,,,,,
1336,,,,,,,,,
1337,,,,,,,,,
1338,,,,,,,,,
1339,,,,,,,,,
1340,,,,,,,,,
1341,,,,,,,,,
1342,,,,,,,,,
1343,,,,,,,,,
1344,,,,,,,,,
1345,,,,,,,,,
1346,,,,,,,,,
1347,,,,,,,,,
1348,,,,,,,,,
1349,,,,,,,,,
1350,,,,,,,,,
1351,,,,,,,,,
1352,,,,,,,,,
1353,,,,,,,,,
1354,,,,,,,,,
1355,,,,,,,,,
1356,,,,,,,,,
1357,,,,,,,,,
1358,,,,,,,,,
1359,,,,,,,,,
1360,,,,,,,,,
1361,,,,,,,,,
1362,,,,,,,,,
1363,,,,,,,,,
1364,,,,,,,,,
1365,,,,,,,,,
1366,,,,,,,,,
1367,,,,,,,,,
1368,,,,,,,,,
1369,,,,,,,,,
1370,,,,,,,,,
1371,,,,,,,,,
1372,,,,,,,,,
1373,,,,,,,,,
1374,,,,,,,,,
1375,,,,,,,,,
1376,,,,,,,,,
1377,,,,,,,,,
1378,,,,,,,,,
1379,,,,,,,,,
1380,,,,,,,,,
1381,,,,,,,,,
1382,,,,,,,,,
1383,,,,,,,,,
1384,,,,,,,,,
1385,,,,,,,,,
1386,,,,,,,,,
1387,,,,,,,,,
1388,,,,,,,,,
1389,,,,,,,,,
1390,,,,,,,,,
1391,,,,,,,,,
1392,,,,,,,,,
1393,,,,,,,,,
1394,,,,,,,,,
1395,,,,,,,,,
1396,,,,,,,,,
1397,,,,,,,,,
1398,,,,,,,,,
1399,,,,,,,,,
1400,,,,,,,,,
1401,,,,,,,,,
1402,,,,,,,,,
1403,,,,,,,,,
1404,,,,,,,,,
1405,,,,,,,,,
1406,,,,,,,,,
1407,,,,,,,,,
1408,,,,,,,,,
1409,,,,,,,,,
1410,,,,,,,,,
1411,,,,,,,,,
1412,,,,,,,,,
1413,,,,,,,,,
1414,,,,,,,,,
1415,,,,,,,,,
1416,,,,,,,,,
1417,,,,,,,,,
1418,,,,,,,,,
1419,,,,,,,,,
1420,,,,,,,,,
1421,,,,,,,,,
1422,,,,,,,,,
1423,,,,,,,,,
1424,,,,,,,,,
1425,,,,,,,,,
1426,,,,,,,,,
1427,,,,,,,,,
1428,,,,,,,,,
1429,,,,,,,,,
1430,,,,,,,,,
1431,,,,,,,,,
1432,,,,,,,,,
1433,,,,,,,,,
1434,,,,,,,,,
1435,,,,,,,,,
1436,,,,,,,,,
1437,,,,,,,,,
1438,,,,,,,,,
1439,,,,,,,,,
1440,,,,,,,,,
1441,,,,,,,,,
1442,,,,,,,,,
1443,,,,,,,,,
1444,,,,,,,,,
1445,,,,,,,,,
1446,,,,,,,,,
1447,,,,,,,,,
1448,,,,,,,,,
1449,,,,,,,,,
1450,,,,,,,,,
1451,,,,,,,,,
1452,,,,,,,,,
1453,,,,,,,,,
1454,,,,,,,,,
1455,,,,,,,,,
1456,,,,,,,,,
1457,,,,,,,,,
1458,,,,,,,,,
1459,,,,,,,,,
1460,,,,,,,,,
1461,,,,,,,,,
1462,,,,,,,,,
1463,,,,,,,,,
1464,,,,,,,,,
1465,,,,,,,,,
1466,,,,,,,,,
1467,,,,,,,,,
1468,,,,,,,,,
1469,,,,,,,,,
1470,,,,,,,,,
1471,,,,,,,,,
1472,,,,,,,,,
1473,,,,,,,,,
1474,,,,,,,,,
1475,,,,,,,,,
1476,,,,,,,,,
1477,,,,,,,,,
1478,,,,,,,,,
1479,,,,,,,,,
1480,,,,,,,,,
1481,,,,,,,,,
1482,,,,,,,,,
1483,,,,,,,,,
1484,,,,,,,,,
1485,,,,,,,,,
1486,,,,,,,,,
1487,,,,,,,,,
1488,,,,,,,,,
1489,,,,,,,,,
1490,,,,,,,,,
1491,,,,,,,,,
1492,,,,,,,,,
1493,,,,,,,,,
1494,,,,,,,,,
1495,,,,,,,,,
1496,,,,,,,,,
1497,,,,,,,,,
1498,,,,,,,,,
1499,,,,,,,,,
1500,,,,,,,,,
1501,,,,,,,,,
1502,,,,,,,,,
1503,,,,,,,,,
1504,,,,,,,,,
1505,,,,,,,,,
1506,,,,,,,,,
1507,,,,,,,,,
1508,,,,,,,,,
1509,,,,,,,,,
1510,,,,,,,,,
1511,,,,,,,,,
1512,,,,,,,,,
1513,,,,,,,,,
1514,,,,,,,,,
1515,,,,,,,,,
1516,,,,,,,,,
1517,,,,,,,,,
1518,,,,,,,,,
1519,,,,,,,,,
1520,,,,,,,,,
1521,,,,,,,,,
1522,,,,,,,,,
1523,,,,,,,,,
1524,,,,,,,,,
1525,,,,,,,,,
1526,,,,,,,,,
1527,,,,,,,,,
1528,,,,,,,,,
1529,,,,,,,,,
1530,,,,,,,,,
1531,,,,,,,,,
1532,,,,,,,,,
1533,,,,,,,,,
1534,,,,,,,,,
1535,,,,,,,,,
1536,,,,,,,,,
1537,,,,,,,,,
1538,,,,,,,,,
1539,,,,,,,,,
1540,,,,,,,,,
1541,,,,,,,,,
1542,,,,,,,,,
1543,,,,,,,,,
1544,,,,,,,,,
1545,,,,,,,,,
1546,,,,,,,,,
1547,,,,,,,,,
1548,,,,,,,,,
1549,,,,,,,,,
1550,,,,,,,,,
1551,,,,,,,,,
1552,,,,,,,,,
1553,,,,,,,,,
1554,,,,,,,,,
1555,,,,,,,,,
1556,,,,,,,,,
1557,,,,,,,,,
1558,,,,,,,,,
1559,,,,,,,,,
1560,,,,,,,,,
1561,,,,,,,,,
1562,,,,,,,,,
1563,,,,,,,,,
1564,,,,,,,,,
1565,,,,,,,,,
1566,,,,,,,,,
1567,,,,,,,,,
1568,,,,,,,,,
1569,,,,,,,,,
1570,,,,,,,,,
1571,,,,,,,,,
1572,,,,,,,,,
1573,,,,,,,,,
1574,,,,,,,,,
1575,,,,,,,,,
1576,,,,,,,,,
1577,,,,,,,,,
1578,,,,,,,,,
1579,,,,,,,,,
1580,,,,,,,,,
1581,,,,,,,,,
1582,,,,,,,,,
1583,,,,,,,,,
1584,,,,,,,,,
1585,,,,,,,,,
1586,,,,,,,,,
1587,,,,,,,,,
1588,,,,,,,,,
1589,,,,,,,,,
1590,,,,,,,,,
1591,,,,,,,,,
1592,,,,,,,,,
1593,,,,,,,,,
1594,,,,,,,,,
1595,,,,,,,,,
1596,,,,,,,,,
1597,,,,,,,,,
1598,,,,,,,,,
1599,,,,,,,,,
1600,,,,,,,,,
1601,,,,,,,,,
1602,,,,,,,,,
1603,,,,,,,,,
1604,,,,,,,,,
1605,,,,,,,,,
1606,,,,,,,,,
1607,,,,,,,,,
1608,,,,,,,,,
1609,,,,,,,,,
1610,,,,,,,,,
1611,,,,,,,,,
1612,,,,,,,,,
1613,,,,,,,,,
1614,,,,,,,,,
1615,,,,,,,,,
1616,,,,,,,,,
1617,,,,,,,,,
1618,,,,,,,,,
1619,,,,,,,,,
1620,,,,,,,,,
1621,,,,,,,,,
1622,,,,,,,,,
1623,,,,,,,,,
1624,,,,,,,,,
1625,,,,,,,,,
1626,,,,,,,,,
1627,,,,,,,,,
1628,,,,,,,,,
1629,,,,,,,,,
1630,,,,,,,,,
1631,,,,,,,,,
1632,,,,,,,,,
1633,,,,,,,,,
1634,,,,,,,,,
1635,,,,,,,,,
1636,,,,,,,,,
1637,,,,,,,,,
1638,,,,,,,,,
1639,,,,,,,,,
1640,,,,,,,,,
1641,,,,,,,,,
1642,,,,,,,,,
1643,,,,,,,,,
1644,,,,,,,,,
1645,,,,,,,,,
1646,,,,,,,,,
1647,,,,,,,,,
1648,,,,,,,,,
1649,,,,,,,,,
1650,,,,,,,,,
1651,,,,,,,,,
1652,,,,,,,,,
1653,,,,,,,,,
1654,,,,,,,,,
1655,,,,,,,,,
1656,,,,,,,,,
1657,,,,,,,,,
1658,,,,,,,,,
1659,,,,,,,,,
1660,,,,,,,,,
1661,,,,,,,,,
1662,,,,,,,,,
1663,,,,,,,,,
1664,,,,,,,,,
1665,,,,,,,,,
1666,,,,,,,,,
1667,,,,,,,,,
1668,,,,,,,,,
1669,,,,,,,,,
1670,,,,,,,,,
1671,,,,,,,,,
1672,,,,,,,,,
1673,,,,,,,,,
1674,,,,,,,,,
1675,,,,,,,,,
1676,,,,,,,,,
1677,,,,,,,,,
1678,,,,,,,,,
1679,,,,,,,,,
1680,,,,,,,,,
1681,,,,,,,,,
1682,,,,,,,,,
1683,,,,,,,,,
1684,,,,,,,,,
1685,,,,,,,,,
1686,,,,,,,,,
1687,,,,,,,,,
1688,,,,,,,,,
1689,,,,,,,,,
1690,,,,,,,,,
1691,,,,,,,,,
1692,,,,,,,,,
1693,,,,,,,,,
1694,,,,,,,,,
1695,,,,,,,,,
1696,,,,,,,,,
1697,,,,,,,,,
1698,,,,,,,,,
1699,,,,,,,,,
1700,,,,,,,,,
1701,,,,,,,,,
1702,,,,,,,,,
1703,,,,,,,,,
1704,,,,,,,,,
1705,,,,,,,,,
1706,,,,,,,,,
1707,,,,,,,,,
1708,,,,,,,,,
1709,,,,,,,,,
1710,,,,,,,,,
1711,,,,,,,,,
1712,,,,,,,,,
1713,,,,,,,,,
1714,,,,,,,,,
1715,,,,,,,,,
1716,,,,,,,,,
1717,,,,,,,,,
1718,,,,,,,,,
1719,,,,,,,,,
1720,,,,,,,,,
1721,,,,,,,,,
1722,,,,,,,,,
1723,,,,,,,,,
1724,,,,,,,,,
1725,,,,,,,,,
1726,,,,,,,,,
1727,,,,,,,,,
1728,,,,,,,,,
1729,,,,,,,,,
1730,,,,,,,,,
1731,,,,,,,,,
1732,,,,,,,,,
1733,,,,,,,,,
1734,,,,,,,,,
1735,,,,,,,,,
1736,,,,,,,,,
1737,,,,,,,,,
1738,,,,,,,,,
1739,,,,,,,,,
1740,,,,,,,,,
1741,,,,,,,,,
1742,,,,,,,,,
1743,,,,,,,,,
1744,,,,,,,,,
1745,,,,,,,,,
1746,,,,,,,,,
1747,,,,,,,,,
1748,,,,,,,,,
1749,,,,,,,,,
1750,,,,,,,,,
1751,,,,,,,,,
1752,,,,,,,,,
1753,,,,,,,,,
1754,,,,,,,,,
1755,,,,,,,,,
1756,,,,,,,,,
1757,,,,,,,,,
1758,,,,,,,,,
1759,,,,,,,,,
1760,,,,,,,,,
1761,,,,,,,,,
1762,,,,,,,,,
1763,,,,,,,,,
1764,,,,,,,,,
1765,,,,,,,,,
1766,,,,,,,,,
1767,,,,,,,,,
1768,,,,,,,,,
1769,,,,,,,,,
1770,,,,,,,,,
1771,,,,,,,,,
1772,,,,,,,,,
1773,,,,,,,,,
1774,,,,,,,,,
1775,,,,,,,,,
1776,,,,,,,,,
1777,,,,,,,,,
1778,,,,,,,,,
1779,,,,,,,,,
1780,,,,,,,,,
1781,,,,,,,,,
1782,,,,,,,,,
1783,,,,,,,,,
1784,,,,,,,,,
1785,,,,,,,,,
1786,,,,,,,,,
1787,,,,,,,,,
1788,,,,,,,,,
1789,,,,,,,,,
1790,,,,,,,,,
1791,,,,,,,,,
1792,,,,,,,,,
1793,,,,,,,,,
1794,,,,,,,,,
1795,,,,,,,,,
1796,,,,,,,,,
1797,,,,,,,,,
1798,,,,,,,,,
1799,,,,,,,,,
1800,,,,,,,,,
1801,,,,,,,,,
1802,,,,,,,,,
1803,,,,,,,,,
1804,,,,,,,,,
1805,,,,,,,,,
1806,,,,,,,,,
1807,,,,,,,,,
1808,,,,,,,,,
1809,,,,,,,,,
1810,,,,,,,,,
1811,,,,,,,,,
1812,,,,,,,,,
1813,,,,,,,,,
1814,,,,,,,,,
1815,,,,,,,,,
1816,,,,,,,,,
1817,,,,,,,,,
1818,,,,,,,,,
1819,,,,,,,,,
1820,,,,,,,,,
1821,,,,,,,,,
1822,,,,,,,,,
1823,,,,,,,,,
1824,,,,,,,,,
1825,,,,,,,,,
1826,,,,,,,,,
1827,,,,,,,,,
1828,,,,,,,,,
1829,,,,,,,,,
1830,,,,,,,,,
1831,,,,,,,,,
1832,,,,,,,,,
1833,,,,,,,,,
1834,,,,,,,,,
1835,,,,,,,,,
1836,,,,,,,,,
1837,,,,,,,,,
1838,,,,,,,,,
1839,,,,,,,,,
1840,,,,,,,,,
1841,,,,,,,,,
1842,,,,,,,,,
1843,,,,,,,,,
1844,,,,,,,,,
1845,,,,,,,,,
1846,,,,,,,,,
1847,,,,,,,,,
1848,,,,,,,,,
1849,,,,,,,,,
1850,,,,,,,,,
1851,,,,,,,,,
1852,,,,,,,,,
1853,,,,,,,,,
1854,,,,,,,,,
1855,,,,,,,,,
1856,,,,,,,,,
1857,,,,,,,,,
1858,,,,,,,,,
1859,,,,,,,,,
1860,,,,,,,,,
1861,,,,,,,,,
1862,,,,,,,,,
1863,,,,,,,,,
1864,,,,,,,,,
1865,,,,,,,,,
1866,,,,,,,,,
1867,,,,,,,,,
1868,,,,,,,,,
1869,,,,,,,,,
1870,,,,,,,,,
1871,,,,,,,,,
1872,,,,,,,,,
1873,,,,,,,,,
1874,,,,,,,,,
1875,,,,,,,,,
1876,,,,,,,,,
1877,,,,,,,,,
1878,,,,,,,,,
1879,,,,,,,,,
1880,,,,,,,,,
1881,,,,,,,,,
1882,,,,,,,,,
1883,,,,,,,,,
1884,,,,,,,,,
1885,,,,,,,,,
1886,,,,,,,,,
1887,,,,,,,,,
1888,,,,,,,,,
1889,,,,,,,,,
1890,,,,,,,,,
1891,,,,,,,,,
1892,,,,,,,,,
1893,,,,,,,,,
1894,,,,,,,,,
1895,,,,,,,,,
1896,,,,,,,,,
1897,,,,,,,,,
1898,,,,,,,,,
1899,,,,,,,,,
1900,,,,,,,,,
1901,,,,,,,,,
1902,,,,,,,,,
1903,,,,,,,,,
1904,,,,,,,,,
1905,,,,,,,,,
1906,,,,,,,,,
1907,,,,,,,,,
1908,,,,,,,,,
1909,,,,,,,,,
1910,,,,,,,,,
1911,,,,,,,,,
1912,,,,,,,,,
1913,,,,,,,,,
1914,,,,,,,,,
1915,,,,,,,,,
1916,,,,,,,,,
1917,,,,,,,,,
1918,,,,,,,,,
1919,,,,,,,,,
1920,,,,,,,,,
1921,,,,,,,,,
1922,,,,,,,,,
1923,,,,,,,,,
1924,,,,,,,,,
1925,,,,,,,,,
1926,,,,,,,,,
1927,,,,,,,,,
1928,,,,,,,,,
1929,,,,,,,,,
1930,,,,,,,,,
1931,,,,,,,,,
1932,,,,,,,,,
1933,,,,,,,,,
1934,,,,,,,,,
1935,,,,,,,,,
1936,,,,,,,,,
1937,,,,,,,,,
1938,,,,,,,,,
1939,,,,,,,,,
1940,,,,,,,,,
1941,,,,,,,,,
1942,,,,,,,,,
1943,,,,,,,,,
1944,,,,,,,,,
1945,,,,,,,,,
1946,,,,,,,,,
1947,,,,,,,,,
1948,,,,,,,,,
1949,,,,,,,,,
1950,,,,,,,,,
1951,,,,,,,,,
1952,,,,,,,,,
1953,,,,,,,,,
1954,,,,,,,,,
1955,,,,,,,,,
1956,,,,,,,,,
1957,,,,,,,,,
1958,,,,,,,,,
1959,,,,,,,,,
1960,,,,,,,,,
1961,,,,,,,,,
1962,,,,,,,,,
1963,,,,,,,,,
1964,,,,,,,,,
1965,,,,,,,,,
1966,,,,,,,,,
1967,,,,,,,,,
1968,,,,,,,,,
1969,,,,,,,,,
1970,,,,,,,,,
1971,,,,,,,,,
1972,,,,,,,,,
1973,,,,,,,,,
1974,,,,,,,,,
1975,,,,,,,,,
1976,,,,,,,,,
1977,,,,,,,,,
1978,,,,,,,,,
1979,,,,,,,,,
1980,,,,,,,,,
1981,,,,,,,,,
1982,,,,,,,,,
1983,,,,,,,,,
1984,,,,,,,,,
1985,,,,,,,,,
1986,,,,,,,,,
1987,,,,,,,,,
1988,,,,,,,,,
1989,,,,,,,,,
1990,,,,,,,,,
1991,,,,,,,,,
1992,,,,,,,,,
1993,,,,,,,,,
1994,,,,,,,,,
1995,,,,,,,,,
1996,,,,,,,,,
1997,,,,,,,,,
1998,,,,,,,,,
1999,,,,,,,,,
